Month,country,role,monthly_goldstein,monthly_event_count
2015-02-01,DEU,actor1,3.2,4
2015-02-01,ESP,actor1,7.4,1
2015-02-01,FIN,actor1,7.4,1
2015-02-01,FRA,actor1,-2.2857142857142856,7
2015-02-01,FRA,actor2,6.4,2
2015-02-01,IRL,actor2,7.4,1
2015-02-01,ITA,actor1,6.9750000000000005,8
2015-02-01,ITA,actor2,7.2,5
2015-02-01,NLD,actor1,5.028571428571429,7
2015-03-01,AUT,actor1,6.6,5
2015-03-01,AUT,actor2,6.4,2
2015-03-01,BEL,actor1,3.7,2
2015-03-01,BEL,actor2,6.4,2
2015-03-01,DEU,actor1,3.0833333333333335,12
2015-03-01,DEU,actor2,3.5818181818181825,11
2015-03-01,ESP,actor1,7.4,2
2015-03-01,ESP,actor2,2.04,5
2015-03-01,FIN,actor1,6.4,1
2015-03-01,FRA,actor1,3.5888888888888886,18
2015-03-01,FRA,actor2,2.1999999999999997,12
2015-03-01,IRL,actor1,7.1000000000000005,8
2015-03-01,IRL,actor2,0.0,1
2015-03-01,ITA,actor1,2.3833333333333333,24
2015-03-01,ITA,actor2,4.9,10
2015-03-01,LUX,actor2,3.466666666666667,3
2015-03-01,NLD,actor1,3.3333333333333335,6
2015-03-01,NLD,actor2,2.1333333333333333,3
2015-03-01,PRT,actor1,0.0,2
2015-03-01,PRT,actor2,7.4,1
2015-04-01,DEU,actor1,4.036363636363636,11
2015-04-01,DEU,actor2,4.775,8
2015-04-01,ESP,actor2,6.400000000000001,6
2015-04-01,FIN,actor1,6.4,2
2015-04-01,FIN,actor2,6.4,1
2015-04-01,FRA,actor1,6.733333333333334,3
2015-04-01,FRA,actor2,6.636363636363637,11
2015-04-01,IRL,actor1,4.949999999999999,4
2015-04-01,IRL,actor2,5.466666666666666,3
2015-04-01,ITA,actor1,2.2800000000000002,5
2015-04-01,ITA,actor2,-5.12,5
2015-04-01,LUX,actor1,7.4,2
2015-04-01,LUX,actor2,7.4,2
2015-04-01,NLD,actor1,7.4,5
2015-04-01,NLD,actor2,6.876923076923077,13
2015-04-01,PRT,actor1,7.4,2
2015-05-01,DEU,actor1,2.6666666666666665,9
2015-05-01,DEU,actor2,6.028571428571429,14
2015-05-01,ESP,actor2,3.2,4
2015-05-01,FIN,actor1,5.0,1
2015-05-01,FRA,actor1,6.000000000000001,11
2015-05-01,FRA,actor2,5.2,3
2015-05-01,IRL,actor1,3.8666666666666663,9
2015-05-01,IRL,actor2,4.133333333333334,3
2015-05-01,ITA,actor1,3.7000000000000006,6
2015-05-01,ITA,actor2,5.333333333333333,6
2015-05-01,LUX,actor1,0.0,10
2015-05-01,NLD,actor2,7.4,1
2015-06-01,AUT,actor2,0.0,1
2015-06-01,BEL,actor1,5.040000000000001,5
2015-06-01,DEU,actor1,5.368421052631579,19
2015-06-01,DEU,actor2,5.800000000000001,8
2015-06-01,ESP,actor1,-8.0,1
2015-06-01,FRA,actor1,3.8444444444444446,9
2015-06-01,FRA,actor2,6.24,10
2015-06-01,IRL,actor1,4.540000000000001,10
2015-06-01,IRL,actor2,7.4,2
2015-06-01,ITA,actor1,-2.4333333333333336,12
2015-06-01,ITA,actor2,5.3999999999999995,6
2015-06-01,NLD,actor1,6.4,2
2015-06-01,NLD,actor2,3.2,4
2015-06-01,PRT,actor1,7.4,2
2015-07-01,AUT,actor1,3.2,2
2015-07-01,DEU,actor1,5.345454545454546,11
2015-07-01,DEU,actor2,4.155555555555555,9
2015-07-01,ESP,actor1,6.733333333333334,3
2015-07-01,ESP,actor2,6.285714285714286,7
2015-07-01,FIN,actor1,6.2,4
2015-07-01,FRA,actor1,5.1,10
2015-07-01,FRA,actor2,5.200000000000001,13
2015-07-01,IRL,actor1,3.7,4
2015-07-01,IRL,actor2,5.0,4
2015-07-01,ITA,actor2,4.857142857142857,7
2015-07-01,LUX,actor1,3.4,1
2015-07-01,LUX,actor2,7.4,1
2015-07-01,NLD,actor1,6.8,5
2015-07-01,NLD,actor2,5.199999999999999,4
2015-08-01,AUT,actor1,0.0,1
2015-08-01,AUT,actor2,0.0,1
2015-08-01,BEL,actor1,7.4,1
2015-08-01,DEU,actor1,6.311111111111112,18
2015-08-01,DEU,actor2,5.746666666666667,15
2015-08-01,ESP,actor1,7.2,5
2015-08-01,ESP,actor2,6.9,2
2015-08-01,FRA,actor1,5.7625,16
2015-08-01,FRA,actor2,4.376,25
2015-08-01,IRL,actor1,5.2,1
2015-08-01,ITA,actor1,7.066666666666667,3
2015-08-01,ITA,actor2,6.4,2
2015-08-01,NLD,actor1,4.9,2
2015-08-01,NLD,actor2,6.4,2
2015-09-01,AUT,actor1,0.0,1
2015-09-01,BEL,actor1,0.0,2
2015-09-01,BEL,actor2,2.5,2
2015-09-01,DEU,actor1,4.32,20
2015-09-01,DEU,actor2,3.325,8
2015-09-01,ESP,actor1,6.8,5
2015-09-01,ESP,actor2,3.2,2
2015-09-01,FIN,actor1,-6.9,2
2015-09-01,FRA,actor1,4.500000000000001,14
2015-09-01,FRA,actor2,5.950000000000001,8
2015-09-01,IRL,actor1,7.4,4
2015-09-01,IRL,actor2,0.0,1
2015-09-01,ITA,actor2,6.9,4
2015-09-01,LUX,actor2,7.4,1
2015-09-01,NLD,actor1,6.636363636363637,11
2015-09-01,PRT,actor2,7.400000000000001,3
2015-10-01,AUT,actor2,0.0,2
2015-10-01,BEL,actor1,0.0,2
2015-10-01,DEU,actor1,5.476923076923077,13
2015-10-01,DEU,actor2,5.92,5
2015-10-01,ESP,actor1,5.32,5
2015-10-01,ESP,actor2,5.4,4
2015-10-01,FRA,actor1,4.924137931034482,29
2015-10-01,FRA,actor2,5.133333333333334,9
2015-10-01,IRL,actor1,4.742857142857143,7
2015-10-01,IRL,actor2,4.68,5
2015-10-01,ITA,actor1,7.400000000000001,3
2015-10-01,ITA,actor2,4.955555555555556,9
2015-10-01,NLD,actor1,1.7333333333333334,3
2015-10-01,NLD,actor2,6.050000000000001,4
2015-11-01,AUT,actor1,6.4,1
2015-11-01,AUT,actor2,0.0,1
2015-11-01,BEL,actor2,6.2,2
2015-11-01,DEU,actor1,4.971428571428572,7
2015-11-01,DEU,actor2,7.15,4
2015-11-01,ESP,actor1,6.054545454545456,11
2015-11-01,ESP,actor2,5.671428571428572,14
2015-11-01,FRA,actor1,4.023529411764706,34
2015-11-01,FRA,actor2,3.888888888888889,18
2015-11-01,IRL,actor1,3.885714285714286,7
2015-11-01,IRL,actor2,5.844444444444445,9
2015-11-01,ITA,actor1,6.4,1
2015-11-01,ITA,actor2,5.577777777777778,9
2015-11-01,NLD,actor1,3.9142857142857146,7
2015-11-01,NLD,actor2,4.933333333333334,3
2015-11-01,PRT,actor2,7.4,2
2015-12-01,BEL,actor1,-0.2999999999999998,2
2015-12-01,DEU,actor1,3.5875000000000004,16
2015-12-01,DEU,actor2,7.15,4
2015-12-01,ESP,actor1,0.0,3
2015-12-01,ESP,actor2,3.7,2
2015-12-01,FRA,actor1,5.31764705882353,17
2015-12-01,FRA,actor2,4.800000000000001,16
2015-12-01,IRL,actor1,5.840000000000001,5
2015-12-01,IRL,actor2,6.342857142857143,7
2015-12-01,ITA,actor1,6.400000000000001,3
2015-12-01,ITA,actor2,5.6000000000000005,8
2015-12-01,LUX,actor1,5.0,1
2015-12-01,NLD,actor1,6.4,1
2015-12-01,NLD,actor2,6.900000000000001,6
2016-01-01,AUT,actor1,5.92,5
2016-01-01,BEL,actor1,6.6000000000000005,4
2016-01-01,BEL,actor2,6.4,1
2016-01-01,DEU,actor1,4.711111111111112,9
2016-01-01,DEU,actor2,2.466666666666667,3
2016-01-01,ESP,actor1,7.4,1
2016-01-01,FRA,actor1,4.275,8
2016-01-01,FRA,actor2,1.85,4
2016-01-01,IRL,actor1,3.6399999999999997,5
2016-01-01,IRL,actor2,7.400000000000001,3
2016-01-01,ITA,actor1,-2.8666666666666667,6
2016-01-01,ITA,actor2,5.654545454545455,11
2016-01-01,NLD,actor1,7.4,1
2016-01-01,NLD,actor2,7.4,4
2016-01-01,PRT,actor1,0.0,1
2016-01-01,PRT,actor2,0.0,1
2016-02-01,AUT,actor1,5.550000000000001,4
2016-02-01,AUT,actor2,7.4,1
2016-02-01,BEL,actor1,1.542857142857143,7
2016-02-01,BEL,actor2,7.066666666666667,3
2016-02-01,DEU,actor1,5.28,5
2016-02-01,DEU,actor2,4.927272727272728,11
2016-02-01,ESP,actor1,5.720000000000001,5
2016-02-01,ESP,actor2,5.2,2
2016-02-01,FIN,actor1,0.0,1
2016-02-01,FIN,actor2,0.0,5
2016-02-01,FRA,actor1,4.418181818181818,11
2016-02-01,FRA,actor2,5.76,10
2016-02-01,IRL,actor1,6.300000000000001,2
2016-02-01,IRL,actor2,3.866666666666667,3
2016-02-01,ITA,actor1,0.0,3
2016-02-01,LUX,actor2,7.4,1
2016-02-01,NLD,actor1,7.4,1
2016-02-01,NLD,actor2,1.6,4
2016-03-01,AUT,actor1,3.4,1
2016-03-01,BEL,actor1,7.4,5
2016-03-01,BEL,actor2,3.7000000000000006,6
2016-03-01,DEU,actor1,5.755555555555556,9
2016-03-01,DEU,actor2,7.4,4
2016-03-01,ESP,actor1,6.4,1
2016-03-01,ESP,actor2,4.6000000000000005,3
2016-03-01,FIN,actor1,7.4,4
2016-03-01,FIN,actor2,0.0,1
2016-03-01,FRA,actor1,3.709090909090909,11
2016-03-01,FRA,actor2,4.173333333333334,15
2016-03-01,IRL,actor1,6.6000000000000005,3
2016-03-01,IRL,actor2,5.875,8
2016-03-01,ITA,actor1,7.400000000000001,3
2016-03-01,ITA,actor2,3.55,4
2016-03-01,NLD,actor1,0.0,4
2016-04-01,BEL,actor1,6.2,2
2016-04-01,DEU,actor1,3.6923076923076925,13
2016-04-01,DEU,actor2,1.2000000000000002,4
2016-04-01,ESP,actor1,6.300000000000001,2
2016-04-01,FRA,actor1,4.984615384615386,13
2016-04-01,FRA,actor2,6.345454545454547,11
2016-04-01,IRL,actor1,5.716666666666668,12
2016-04-01,IRL,actor2,7.4,1
2016-04-01,ITA,actor1,5.0,2
2016-04-01,ITA,actor2,3.56,5
2016-04-01,NLD,actor1,4.94,10
2016-04-01,NLD,actor2,7.4,1
2016-04-01,PRT,actor1,5.2,2
2016-05-01,AUT,actor1,0.0,4
2016-05-01,BEL,actor1,2.1714285714285713,7
2016-05-01,DEU,actor1,4.363636363636363,11
2016-05-01,DEU,actor2,4.111111111111111,9
2016-05-01,ESP,actor1,7.4,4
2016-05-01,ESP,actor2,4.800000000000001,4
2016-05-01,FIN,actor1,7.4,2
2016-05-01,FIN,actor2,7.4,2
2016-05-01,FRA,actor1,0.9500000000000002,8
2016-05-01,FRA,actor2,5.285714285714286,7
2016-05-01,IRL,actor1,2.466666666666667,3
2016-05-01,IRL,actor2,3.7,4
2016-05-01,ITA,actor1,6.171428571428572,7
2016-05-01,ITA,actor2,2.1333333333333333,3
2016-05-01,NLD,actor1,4.55,4
2016-05-01,NLD,actor2,7.4,1
2016-05-01,PRT,actor1,7.4,1
2016-05-01,PRT,actor2,6.4,1
2016-06-01,AUT,actor2,6.4,1
2016-06-01,BEL,actor1,7.4,2
2016-06-01,BEL,actor2,-8.0,2
2016-06-01,DEU,actor1,2.3111111111111113,18
2016-06-01,DEU,actor2,5.2,9
2016-06-01,ESP,actor1,6.9,2
2016-06-01,ESP,actor2,5.050000000000001,4
2016-06-01,FIN,actor1,3.4,1
2016-06-01,FRA,actor1,5.7,12
2016-06-01,FRA,actor2,4.709090909090909,11
2016-06-01,IRL,actor1,5.075,8
2016-06-01,IRL,actor2,5.685714285714285,7
2016-06-01,ITA,actor1,5.514285714285714,7
2016-06-01,ITA,actor2,7.066666666666667,3
2016-06-01,LUX,actor1,2.3333333333333335,3
2016-06-01,NLD,actor1,5.32,5
2016-06-01,NLD,actor2,6.4,1
2016-06-01,PRT,actor2,5.0,1
2016-07-01,DEU,actor1,4.753846153846154,13
2016-07-01,DEU,actor2,5.305263157894737,19
2016-07-01,FIN,actor1,6.4,1
2016-07-01,FRA,actor1,5.15,8
2016-07-01,FRA,actor2,2.9818181818181824,11
2016-07-01,IRL,actor1,5.48,10
2016-07-01,IRL,actor2,2.466666666666667,3
2016-07-01,ITA,actor1,-0.5999999999999999,5
2016-07-01,ITA,actor2,6.9,2
2016-07-01,NLD,actor1,6.900000000000001,6
2016-07-01,NLD,actor2,6.4,1
2016-08-01,AUT,actor1,7.4,1
2016-08-01,AUT,actor2,7.400000000000001,3
2016-08-01,BEL,actor1,3.2,2
2016-08-01,DEU,actor1,5.5600000000000005,5
2016-08-01,DEU,actor2,5.5,6
2016-08-01,ESP,actor1,3.2,4
2016-08-01,ESP,actor2,1.85,4
2016-08-01,FIN,actor2,5.550000000000001,4
2016-08-01,FRA,actor1,4.880000000000001,10
2016-08-01,FRA,actor2,5.177777777777778,9
2016-08-01,IRL,actor1,6.5,8
2016-08-01,ITA,actor1,5.92,5
2016-08-01,ITA,actor2,5.714285714285714,7
2016-08-01,NLD,actor1,4.8,7
2016-08-01,NLD,actor2,0.0,1
2016-08-01,PRT,actor2,0.0,2
2016-09-01,BEL,actor1,0.0,2
2016-09-01,BEL,actor2,5.5200000000000005,5
2016-09-01,DEU,actor1,-0.2666666666666665,9
2016-09-01,DEU,actor2,7.114285714285715,7
2016-09-01,ESP,actor1,3.7,4
2016-09-01,ESP,actor2,7.4,1
2016-09-01,FRA,actor1,3.9272727272727277,11
2016-09-01,FRA,actor2,7.4,4
2016-09-01,IRL,actor1,6.2,5
2016-09-01,IRL,actor2,6.300000000000001,8
2016-09-01,ITA,actor1,1.6000000000000003,6
2016-09-01,ITA,actor2,7.4,7
2016-09-01,LUX,actor1,5.0,2
2016-09-01,NLD,actor1,6.4,1
2016-09-01,NLD,actor2,5.622222222222224,9
2016-09-01,PRT,actor2,7.4,1
2016-10-01,BEL,actor1,5.966666666666668,6
2016-10-01,BEL,actor2,6.733333333333334,3
2016-10-01,DEU,actor1,5.36,15
2016-10-01,DEU,actor2,6.750000000000001,8
2016-10-01,ESP,actor1,7.4,4
2016-10-01,ESP,actor2,3.7,2
2016-10-01,FRA,actor1,5.1,2
2016-10-01,FRA,actor2,4.0,12
2016-10-01,IRL,actor1,6.56923076923077,13
2016-10-01,IRL,actor2,5.285714285714286,7
2016-10-01,ITA,actor1,7.218181818181819,11
2016-10-01,ITA,actor2,0.4500000000000002,8
2016-10-01,NLD,actor1,6.2,2
2016-10-01,NLD,actor2,6.8,5
2016-10-01,PRT,actor2,0.0,1
2016-11-01,AUT,actor1,5.2,1
2016-11-01,AUT,actor2,5.2,1
2016-11-01,BEL,actor1,6.844444444444445,9
2016-11-01,BEL,actor2,2.6,6
2016-11-01,DEU,actor1,2.766666666666667,6
2016-11-01,DEU,actor2,4.933333333333334,3
2016-11-01,ESP,actor1,0.0,1
2016-11-01,ESP,actor2,0.0,1
2016-11-01,FIN,actor1,0.0,2
2016-11-01,FIN,actor2,0.0,1
2016-11-01,FRA,actor1,6.960000000000001,10
2016-11-01,FRA,actor2,7.4,2
2016-11-01,IRL,actor1,5.279999999999999,5
2016-11-01,IRL,actor2,3.466666666666667,3
2016-11-01,ITA,actor1,-8.0,4
2016-11-01,ITA,actor2,5.800000000000001,2
2016-11-01,NLD,actor1,7.4,2
2016-12-01,BEL,actor1,4.44,5
2016-12-01,DEU,actor1,1.2571428571428573,14
2016-12-01,DEU,actor2,6.485714285714286,7
2016-12-01,ESP,actor1,6.9,4
2016-12-01,ESP,actor2,5.933333333333334,3
2016-12-01,FRA,actor1,3.457142857142857,7
2016-12-01,FRA,actor2,4.833333333333333,6
2016-12-01,IRL,actor1,2.857142857142857,7
2016-12-01,IRL,actor2,2.96,5
2016-12-01,ITA,actor1,0.0,1
2016-12-01,ITA,actor2,4.616666666666666,12
2016-12-01,NLD,actor1,5.32,5
2016-12-01,NLD,actor2,0.0,1
2017-01-01,AUT,actor2,7.4,1
2017-01-01,BEL,actor1,-3.1999999999999997,3
2017-01-01,BEL,actor2,6.6000000000000005,3
2017-01-01,DEU,actor1,6.985714285714287,14
2017-01-01,DEU,actor2,3.1,4
2017-01-01,ESP,actor1,7.4,1
2017-01-01,ESP,actor2,7.400000000000001,6
2017-01-01,FIN,actor1,6.4,1
2017-01-01,FIN,actor2,6.4,1
2017-01-01,FRA,actor1,4.44,15
2017-01-01,FRA,actor2,3.7,2
2017-01-01,IRL,actor1,2.466666666666667,3
2017-01-01,IRL,actor2,6.2,2
2017-01-01,ITA,actor1,6.9,4
2017-01-01,ITA,actor2,7.4,2
2017-01-01,NLD,actor1,0.0,2
2017-01-01,NLD,actor2,6.342857142857143,7
2017-01-01,PRT,actor1,5.0,2
2017-02-01,AUT,actor1,0.0,1
2017-02-01,BEL,actor1,0.0,2
2017-02-01,BEL,actor2,6.4,2
2017-02-01,DEU,actor1,5.276923076923078,13
2017-02-01,DEU,actor2,6.13846153846154,13
2017-02-01,ESP,actor1,1.3,4
2017-02-01,ESP,actor2,6.4,2
2017-02-01,FRA,actor1,-0.39999999999999997,14
2017-02-01,FRA,actor2,1.9500000000000002,4
2017-02-01,IRL,actor1,0.0,2
2017-02-01,IRL,actor2,0.0,1
2017-02-01,ITA,actor1,5.6,4
2017-02-01,ITA,actor2,5.550000000000001,4
2017-02-01,NLD,actor1,6.300000000000001,2
2017-02-01,NLD,actor2,6.2,2
2017-02-01,PRT,actor1,0.0,2
2017-02-01,PRT,actor2,0.0,1
2017-03-01,BEL,actor1,-4.0,2
2017-03-01,DEU,actor1,4.300000000000001,8
2017-03-01,DEU,actor2,1.7400000000000002,10
2017-03-01,ESP,actor2,5.0,1
2017-03-01,FRA,actor1,3.090909090909091,11
2017-03-01,FRA,actor2,4.357142857142858,14
2017-03-01,IRL,actor1,6.577777777777778,9
2017-03-01,IRL,actor2,0.0,2
2017-03-01,ITA,actor1,1.25,4
2017-03-01,NLD,actor1,4.880000000000001,10
2017-03-01,NLD,actor2,5.218181818181819,11
2017-03-01,PRT,actor1,6.4,2
2017-03-01,PRT,actor2,6.4,1
2017-04-01,BEL,actor1,6.0,3
2017-04-01,BEL,actor2,6.733333333333334,3
2017-04-01,DEU,actor1,5.290909090909091,11
2017-04-01,DEU,actor2,2.56,5
2017-04-01,ESP,actor1,3.7,4
2017-04-01,ESP,actor2,0.0,2
2017-04-01,FRA,actor1,1.0545454545454547,11
2017-04-01,FRA,actor2,5.675,8
2017-04-01,IRL,actor1,2.16,5
2017-04-01,IRL,actor2,3.7,2
2017-04-01,ITA,actor1,6.4,1
2017-04-01,ITA,actor2,5.7,4
2017-04-01,NLD,actor1,6.9,2
2017-05-01,AUT,actor1,7.400000000000001,3
2017-05-01,BEL,actor1,5.0,1
2017-05-01,BEL,actor2,5.0,1
2017-05-01,DEU,actor1,6.300000000000001,6
2017-05-01,DEU,actor2,6.4,4
2017-05-01,ESP,actor1,0.0,1
2017-05-01,ESP,actor2,6.1000000000000005,4
2017-05-01,FRA,actor1,6.352380952380953,21
2017-05-01,FRA,actor2,6.013333333333334,15
2017-05-01,IRL,actor1,6.9750000000000005,8
2017-05-01,IRL,actor2,5.550000000000001,4
2017-05-01,ITA,actor2,5.688888888888889,9
2017-05-01,NLD,actor1,3.6,6
2017-05-01,NLD,actor2,0.0,2
2017-05-01,PRT,actor1,7.4,1
2017-06-01,AUT,actor1,7.4,1
2017-06-01,BEL,actor1,4.2,4
2017-06-01,BEL,actor2,6.4,2
2017-06-01,DEU,actor1,3.2625,16
2017-06-01,DEU,actor2,2.8000000000000003,11
2017-06-01,ESP,actor1,3.4,3
2017-06-01,ESP,actor2,5.6000000000000005,8
2017-06-01,FRA,actor1,5.977777777777778,9
2017-06-01,FRA,actor2,5.183333333333334,12
2017-06-01,IRL,actor1,6.630769230769232,13
2017-06-01,IRL,actor2,4.220000000000001,10
2017-06-01,ITA,actor1,5.233333333333333,12
2017-06-01,ITA,actor2,5.0888888888888895,9
2017-06-01,LUX,actor1,7.4,2
2017-06-01,NLD,actor1,7.066666666666667,3
2017-06-01,NLD,actor2,5.7,2
2017-06-01,PRT,actor2,5.2,1
2017-07-01,BEL,actor2,6.400000000000001,6
2017-07-01,DEU,actor1,5.851851851851852,27
2017-07-01,DEU,actor2,0.0,3
2017-07-01,ESP,actor1,6.800000000000001,4
2017-07-01,ESP,actor2,6.657142857142858,7
2017-07-01,FRA,actor1,3.7000000000000006,12
2017-07-01,FRA,actor2,4.4363636363636365,11
2017-07-01,IRL,actor1,5.812500000000001,16
2017-07-01,IRL,actor2,5.885714285714286,7
2017-07-01,ITA,actor1,6.525,8
2017-07-01,ITA,actor2,6.5,10
2017-07-01,NLD,actor2,7.4,4
2017-07-01,PRT,actor1,6.960000000000001,5
2017-07-01,PRT,actor2,6.9,2
2017-08-01,BEL,actor1,6.4,1
2017-08-01,BEL,actor2,6.2,2
2017-08-01,DEU,actor1,7.246153846153846,13
2017-08-01,DEU,actor2,7.4,1
2017-08-01,ESP,actor1,3.090909090909091,11
2017-08-01,ESP,actor2,0.925,8
2017-08-01,FIN,actor1,1.6666666666666667,3
2017-08-01,FIN,actor2,4.266666666666667,3
2017-08-01,FRA,actor1,4.022222222222222,9
2017-08-01,FRA,actor2,5.840000000000001,10
2017-08-01,IRL,actor1,4.573333333333333,15
2017-08-01,IRL,actor2,2.1,6
2017-08-01,ITA,actor1,7.4,2
2017-08-01,ITA,actor2,3.7,2
2017-08-01,NLD,actor1,4.733333333333333,3
2017-08-01,NLD,actor2,4.35,4
2017-09-01,AUT,actor1,7.4,1
2017-09-01,AUT,actor2,5.2,3
2017-09-01,BEL,actor1,7.4,1
2017-09-01,DEU,actor1,5.771428571428572,7
2017-09-01,DEU,actor2,2.7399999999999998,10
2017-09-01,ESP,actor2,6.4,2
2017-09-01,FIN,actor1,7.4,2
2017-09-01,FIN,actor2,7.4,2
2017-09-01,FRA,actor1,4.8909090909090915,11
2017-09-01,FRA,actor2,6.7272727272727275,11
2017-09-01,IRL,actor1,4.454545454545455,11
2017-09-01,IRL,actor2,6.9142857142857155,7
2017-09-01,ITA,actor1,3.466666666666667,3
2017-09-01,ITA,actor2,4.16,5
2017-09-01,NLD,actor1,0.0,2
2017-09-01,PRT,actor1,3.3,4
2017-09-01,PRT,actor2,6.400000000000001,3
2017-10-01,AUT,actor1,0.0,1
2017-10-01,BEL,actor1,1.85,4
2017-10-01,BEL,actor2,5.2250000000000005,8
2017-10-01,DEU,actor1,2.5250000000000004,8
2017-10-01,DEU,actor2,0.0,3
2017-10-01,ESP,actor1,3.866666666666667,6
2017-10-01,ESP,actor2,3.0250000000000004,8
2017-10-01,FIN,actor1,5.550000000000001,4
2017-10-01,FRA,actor1,3.8000000000000003,7
2017-10-01,FRA,actor2,5.757142857142858,14
2017-10-01,IRL,actor1,3.877777777777778,18
2017-10-01,IRL,actor2,1.9600000000000002,5
2017-10-01,ITA,actor1,-1.5333333333333332,3
2017-10-01,ITA,actor2,5.0,6
2017-10-01,LUX,actor2,7.4,2
2017-10-01,NLD,actor1,7.4,1
2017-10-01,NLD,actor2,7.4,2
2017-10-01,PRT,actor2,7.4,2
2017-11-01,AUT,actor1,3.4,1
2017-11-01,BEL,actor1,3.4,2
2017-11-01,BEL,actor2,0.0,1
2017-11-01,DEU,actor1,6.383333333333333,12
2017-11-01,DEU,actor2,5.085714285714286,7
2017-11-01,ESP,actor1,6.44,5
2017-11-01,ESP,actor2,2.5,2
2017-11-01,FRA,actor1,2.5,6
2017-11-01,FRA,actor2,6.366666666666667,6
2017-11-01,IRL,actor1,6.4,2
2017-11-01,IRL,actor2,6.4,4
2017-11-01,ITA,actor1,4.266666666666667,3
2017-11-01,ITA,actor2,7.4,1
2017-11-01,NLD,actor1,6.6000000000000005,4
2017-11-01,NLD,actor2,3.466666666666667,3
2017-12-01,AUT,actor1,5.0,1
2017-12-01,AUT,actor2,-5.0,2
2017-12-01,BEL,actor1,6.2,5
2017-12-01,BEL,actor2,6.4,2
2017-12-01,DEU,actor1,4.766666666666667,6
2017-12-01,DEU,actor2,4.266666666666667,3
2017-12-01,ESP,actor1,0.0,2
2017-12-01,ESP,actor2,0.0,7
2017-12-01,FIN,actor2,6.8,5
2017-12-01,FRA,actor1,7.400000000000001,6
2017-12-01,FRA,actor2,5.300000000000001,8
2017-12-01,IRL,actor1,6.1571428571428575,14
2017-12-01,IRL,actor2,6.65,4
2017-12-01,ITA,actor1,2.466666666666667,3
2017-12-01,ITA,actor2,5.550000000000001,4
2017-12-01,LUX,actor1,7.4,1
2017-12-01,NLD,actor1,-0.4000000000000001,3
2017-12-01,NLD,actor2,6.733333333333334,3
2017-12-01,PRT,actor1,7.066666666666667,3
2018-01-01,BEL,actor1,7.066666666666667,3
2018-01-01,DEU,actor1,6.2727272727272725,11
2018-01-01,DEU,actor2,5.82,10
2018-01-01,ESP,actor1,5.4,2
2018-01-01,ESP,actor2,7.4,4
2018-01-01,FRA,actor1,5.680000000000001,15
2018-01-01,FRA,actor2,3.266666666666667,6
2018-01-01,IRL,actor1,6.800000000000001,4
2018-01-01,IRL,actor2,7.400000000000001,3
2018-01-01,ITA,actor1,7.4,1
2018-01-01,ITA,actor2,4.933333333333334,3
2018-01-01,LUX,actor2,7.4,4
2018-01-01,NLD,actor1,5.92,5
2018-01-01,NLD,actor2,6.300000000000001,4
2018-02-01,AUT,actor1,5.2,2
2018-02-01,BEL,actor1,6.066666666666666,3
2018-02-01,BEL,actor2,6.733333333333334,3
2018-02-01,DEU,actor1,4.7,8
2018-02-01,DEU,actor2,6.2666666666666675,9
2018-02-01,ESP,actor1,7.4,1
2018-02-01,ESP,actor2,7.4,2
2018-02-01,FIN,actor1,5.4,2
2018-02-01,FRA,actor1,6.625000000000001,8
2018-02-01,FRA,actor2,3.7,4
2018-02-01,IRL,actor1,3.314285714285714,7
2018-02-01,IRL,actor2,-0.6,5
2018-02-01,ITA,actor1,4.266666666666667,6
2018-02-01,ITA,actor2,3.7,2
2018-02-01,LUX,actor1,7.4,1
2018-02-01,NLD,actor1,3.7,2
2018-02-01,PRT,actor1,5.0,3
2018-03-01,AUT,actor1,7.4,1
2018-03-01,AUT,actor2,7.4,1
2018-03-01,BEL,actor1,6.666666666666667,3
2018-03-01,BEL,actor2,4.857142857142857,7
2018-03-01,DEU,actor1,7.4,1
2018-03-01,DEU,actor2,-0.039999999999999855,10
2018-03-01,ESP,actor1,2.2666666666666666,3
2018-03-01,ESP,actor2,3.7714285714285714,7
2018-03-01,FIN,actor1,7.4,4
2018-03-01,FRA,actor1,4.44,10
2018-03-01,FRA,actor2,2.56,5
2018-03-01,IRL,actor1,2.56,5
2018-03-01,IRL,actor2,6.9,2
2018-03-01,ITA,actor1,5.95,16
2018-03-01,ITA,actor2,4.766666666666667,6
2018-03-01,LUX,actor2,7.4,1
2018-03-01,NLD,actor1,4.45,4
2018-03-01,NLD,actor2,5.2,2
2018-03-01,PRT,actor1,2.2666666666666666,3
2018-04-01,AUT,actor1,6.4,1
2018-04-01,BEL,actor1,7.4,2
2018-04-01,BEL,actor2,7.4,2
2018-04-01,DEU,actor1,5.671428571428572,14
2018-04-01,DEU,actor2,5.6000000000000005,8
2018-04-01,ESP,actor1,6.971428571428572,7
2018-04-01,ESP,actor2,0.0,6
2018-04-01,FIN,actor1,7.4,1
2018-04-01,FIN,actor2,7.4,2
2018-04-01,FRA,actor1,-0.5666666666666665,6
2018-04-01,FRA,actor2,2.3000000000000003,6
2018-04-01,IRL,actor1,3.5999999999999996,9
2018-04-01,IRL,actor2,4.266666666666667,3
2018-04-01,ITA,actor1,5.1000000000000005,6
2018-04-01,ITA,actor2,2.542857142857143,7
2018-04-01,NLD,actor1,6.733333333333334,6
2018-04-01,NLD,actor2,7.025,8
2018-05-01,AUT,actor2,7.4,1
2018-05-01,BEL,actor1,7.15,8
2018-05-01,BEL,actor2,5.12,5
2018-05-01,DEU,actor1,3.6,6
2018-05-01,DEU,actor2,1.7111111111111112,9
2018-05-01,ESP,actor1,3.45,4
2018-05-01,ESP,actor2,6.4,4
2018-05-01,FRA,actor1,3.6533333333333338,15
2018-05-01,FRA,actor2,-0.39999999999999974,9
2018-05-01,IRL,actor1,4.86,10
2018-05-01,IRL,actor2,5.75,8
2018-05-01,ITA,actor2,4.24,5
2018-05-01,NLD,actor1,7.4,2
2018-05-01,PRT,actor1,0.0,1
2018-06-01,AUT,actor1,5.2,3
2018-06-01,AUT,actor2,3.9000000000000004,4
2018-06-01,DEU,actor1,4.214814814814815,27
2018-06-01,DEU,actor2,3.9777777777777774,9
2018-06-01,ESP,actor1,4.6,5
2018-06-01,ESP,actor2,5.75,4
2018-06-01,FIN,actor1,0.0,1
2018-06-01,FRA,actor1,0.9333333333333335,3
2018-06-01,FRA,actor2,5.050000000000001,4
2018-06-01,IRL,actor1,3.423529411764706,17
2018-06-01,IRL,actor2,5.05,8
2018-06-01,ITA,actor1,-6.533333333333334,3
2018-06-01,ITA,actor2,7.4,4
2018-06-01,NLD,actor1,5.1,2
2018-06-01,NLD,actor2,5.933333333333334,3
2018-07-01,BEL,actor1,6.733333333333334,6
2018-07-01,BEL,actor2,5.866666666666667,6
2018-07-01,DEU,actor1,6.3500000000000005,8
2018-07-01,DEU,actor2,6.057142857142858,7
2018-07-01,ESP,actor1,5.685714285714285,7
2018-07-01,ESP,actor2,6.6000000000000005,3
2018-07-01,FIN,actor1,0.0,1
2018-07-01,FRA,actor1,4.74,10
2018-07-01,FRA,actor2,7.4,5
2018-07-01,IRL,actor1,4.5360000000000005,25
2018-07-01,IRL,actor2,4.933333333333334,3
2018-07-01,ITA,actor1,2.7428571428571433,7
2018-07-01,ITA,actor2,4.040000000000001,5
2018-07-01,LUX,actor1,5.0,2
2018-07-01,LUX,actor2,5.0,1
2018-07-01,NLD,actor1,5.7,2
2018-07-01,NLD,actor2,6.142857142857143,7
2018-07-01,PRT,actor1,6.4,1
2018-07-01,PRT,actor2,7.066666666666667,3
2018-08-01,AUT,actor1,-5.8,2
2018-08-01,AUT,actor2,6.4,1
2018-08-01,BEL,actor1,0.0,1
2018-08-01,DEU,actor1,4.24,5
2018-08-01,DEU,actor2,3.2,2
2018-08-01,ESP,actor1,7.4,2
2018-08-01,ESP,actor2,7.15,4
2018-08-01,FRA,actor1,5.266666666666667,6
2018-08-01,FRA,actor2,3.325,8
2018-08-01,IRL,actor1,5.24,5
2018-08-01,IRL,actor2,5.533333333333334,12
2018-08-01,ITA,actor1,1.0333333333333334,6
2018-08-01,PRT,actor2,0.0,1
2018-09-01,BEL,actor1,2.56,5
2018-09-01,BEL,actor2,6.400000000000001,3
2018-09-01,DEU,actor1,3.8000000000000003,7
2018-09-01,DEU,actor2,5.08,5
2018-09-01,ESP,actor2,5.7,2
2018-09-01,FIN,actor1,0.0,1
2018-09-01,FRA,actor1,0.9333333333333335,3
2018-09-01,FRA,actor2,6.733333333333334,3
2018-09-01,IRL,actor1,4.24,10
2018-09-01,IRL,actor2,5.2,7
2018-09-01,ITA,actor1,5.866666666666667,9
2018-09-01,ITA,actor2,5.025,8
2018-09-01,NLD,actor1,6.666666666666667,3
2018-09-01,NLD,actor2,1.0666666666666667,6
2018-09-01,PRT,actor2,3.7,4
2018-10-01,AUT,actor1,-8.0,1
2018-10-01,BEL,actor1,3.4,1
2018-10-01,BEL,actor2,7.4,1
2018-10-01,DEU,actor1,4.168,25
2018-10-01,DEU,actor2,7.218181818181819,11
2018-10-01,ESP,actor1,5.4,2
2018-10-01,ESP,actor2,5.5200000000000005,5
2018-10-01,FIN,actor1,6.4,1
2018-10-01,FRA,actor1,4.7250000000000005,16
2018-10-01,FRA,actor2,5.325,16
2018-10-01,IRL,actor1,5.538461538461538,13
2018-10-01,IRL,actor2,4.566666666666667,6
2018-10-01,ITA,actor1,2.62,10
2018-10-01,ITA,actor2,4.6000000000000005,6
2018-10-01,LUX,actor1,7.4,5
2018-10-01,NLD,actor1,6.6000000000000005,3
2018-10-01,NLD,actor2,5.275,8
2018-10-01,PRT,actor1,2.466666666666667,3
2018-10-01,PRT,actor2,7.4,2
2018-11-01,AUT,actor1,7.400000000000001,3
2018-11-01,BEL,actor1,6.44,5
2018-11-01,BEL,actor2,7.4,1
2018-11-01,DEU,actor1,5.833333333333333,12
2018-11-01,DEU,actor2,2.533333333333333,9
2018-11-01,ESP,actor1,2.5,2
2018-11-01,ESP,actor2,6.32,5
2018-11-01,FIN,actor2,0.0,1
2018-11-01,FRA,actor1,1.5076923076923079,13
2018-11-01,FRA,actor2,4.4222222222222225,9
2018-11-01,IRL,actor1,2.6,2
2018-11-01,IRL,actor2,0.0,1
2018-11-01,ITA,actor1,5.473684210526316,19
2018-11-01,ITA,actor2,7.066666666666667,3
2018-11-01,NLD,actor1,7.400000000000001,3
2018-11-01,NLD,actor2,6.400000000000001,3
2018-11-01,PRT,actor1,7.066666666666667,3
2018-11-01,PRT,actor2,0.0,1
2018-12-01,AUT,actor1,7.4,2
2018-12-01,AUT,actor2,4.933333333333334,3
2018-12-01,DEU,actor1,5.789473684210527,19
2018-12-01,DEU,actor2,5.3,6
2018-12-01,ESP,actor1,7.4,1
2018-12-01,ESP,actor2,7.4,4
2018-12-01,FIN,actor2,7.4,1
2018-12-01,FRA,actor1,4.588888888888889,18
2018-12-01,FRA,actor2,3.3294117647058825,17
2018-12-01,IRL,actor1,0.0,5
2018-12-01,IRL,actor2,1.0571428571428572,7
2018-12-01,ITA,actor1,0.0,1
2018-12-01,ITA,actor2,5.2,3
2018-12-01,NLD,actor1,7.4,5
2018-12-01,NLD,actor2,7.4,1
2018-12-01,PRT,actor1,5.2,1
2019-01-01,BEL,actor2,0.0,2
2019-01-01,DEU,actor1,-0.1399999999999999,10
2019-01-01,DEU,actor2,6.733333333333334,6
2019-01-01,ESP,actor1,3.2,2
2019-01-01,ESP,actor2,0.0,1
2019-01-01,FRA,actor1,2.466666666666667,3
2019-01-01,FRA,actor2,3.96,5
2019-01-01,IRL,actor1,-0.3999999999999999,4
2019-01-01,IRL,actor2,6.266666666666667,3
2019-01-01,ITA,actor1,7.4,2
2019-01-01,ITA,actor2,3.28,5
2019-01-01,NLD,actor1,0.0,1
2019-02-01,BEL,actor1,7.4,2
2019-02-01,DEU,actor1,6.666666666666667,3
2019-02-01,ESP,actor1,7.4,1
2019-02-01,FRA,actor1,3.2400000000000007,10
2019-02-01,FRA,actor2,1.7333333333333336,6
2019-02-01,IRL,actor1,5.2727272727272725,11
2019-02-01,ITA,actor1,2.625,8
2019-02-01,ITA,actor2,6.3500000000000005,4
2019-02-01,LUX,actor1,7.4,1
2019-02-01,NLD,actor1,6.32,5
2019-02-01,NLD,actor2,6.4,4
2019-02-01,PRT,actor1,5.2,1
2019-03-01,BEL,actor1,7.4,2
2019-03-01,DEU,actor1,3.6333333333333333,6
2019-03-01,DEU,actor2,5.5,6
2019-03-01,ESP,actor1,7.4,1
2019-03-01,FIN,actor1,7.4,2
2019-03-01,FRA,actor1,6.48888888888889,9
2019-03-01,FRA,actor2,0.0,2
2019-03-01,IRL,actor1,4.44,10
2019-03-01,IRL,actor2,6.466666666666667,9
2019-03-01,ITA,actor1,0.2727272727272728,11
2019-03-01,ITA,actor2,5.3,12
2019-03-01,NLD,actor1,3.7,4
2019-03-01,NLD,actor2,0.0,2
2019-03-01,PRT,actor2,6.400000000000001,3
2019-04-01,DEU,actor1,4.072727272727272,11
2019-04-01,DEU,actor2,5.7,2
2019-04-01,ESP,actor1,1.48,5
2019-04-01,FRA,actor1,6.072727272727274,11
2019-04-01,FRA,actor2,5.542857142857143,7
2019-04-01,IRL,actor1,6.733333333333333,6
2019-04-01,ITA,actor1,3.4,1
2019-04-01,NLD,actor1,7.400000000000001,3
2019-04-01,PRT,actor1,7.0,1
2019-04-01,PRT,actor2,7.4,2
2019-05-01,AUT,actor2,5.0,1
2019-05-01,BEL,actor1,2.1333333333333333,3
2019-05-01,BEL,actor2,5.5,6
2019-05-01,DEU,actor1,6.542857142857144,7
2019-05-01,DEU,actor2,4.45,4
2019-05-01,ESP,actor1,0.7000000000000002,4
2019-05-01,ESP,actor2,4.266666666666667,3
2019-05-01,FRA,actor1,7.066666666666667,3
2019-05-01,FRA,actor2,-2.04,5
2019-05-01,IRL,actor1,4.8,12
2019-05-01,IRL,actor2,5.550000000000001,4
2019-05-01,ITA,actor1,2.55,4
2019-05-01,ITA,actor2,6.4,1
2019-05-01,LUX,actor1,0.0,2
2019-05-01,NLD,actor1,6.733333333333334,3
2019-05-01,NLD,actor2,7.0,5
2019-06-01,AUT,actor1,6.4,4
2019-06-01,AUT,actor2,3.7,2
2019-06-01,BEL,actor1,6.4,2
2019-06-01,DEU,actor1,6.760000000000001,5
2019-06-01,DEU,actor2,1.36,10
2019-06-01,ESP,actor1,4.933333333333334,6
2019-06-01,FIN,actor1,7.4,1
2019-06-01,FIN,actor2,7.4,1
2019-06-01,FRA,actor1,4.333333333333333,12
2019-06-01,FRA,actor2,3.85,8
2019-06-01,IRL,actor1,2.353846153846154,13
2019-06-01,IRL,actor2,0.9142857142857144,7
2019-06-01,ITA,actor1,7.4,2
2019-06-01,ITA,actor2,-5.8,3
2019-06-01,NLD,actor1,7.4,1
2019-06-01,NLD,actor2,6.9,4
2019-06-01,PRT,actor1,7.4,1
2019-07-01,AUT,actor1,1.6,4
2019-07-01,AUT,actor2,6.4,1
2019-07-01,BEL,actor1,6.8500000000000005,4
2019-07-01,BEL,actor2,6.4,2
2019-07-01,DEU,actor1,3.56,5
2019-07-01,DEU,actor2,-3.553846153846154,13
2019-07-01,ESP,actor1,6.4,2
2019-07-01,ESP,actor2,4.266666666666667,3
2019-07-01,FRA,actor1,2.2266666666666666,15
2019-07-01,FRA,actor2,7.4,1
2019-07-01,IRL,actor1,6.4750000000000005,8
2019-07-01,IRL,actor2,3.7,2
2019-07-01,ITA,actor1,6.166666666666667,6
2019-07-01,ITA,actor2,6.900000000000001,6
2019-07-01,NLD,actor1,6.166666666666667,6
2019-07-01,NLD,actor2,6.971428571428572,7
2019-07-01,PRT,actor2,3.4,1
2019-08-01,BEL,actor2,6.400000000000001,3
2019-08-01,DEU,actor1,5.466666666666668,12
2019-08-01,DEU,actor2,3.888888888888889,9
2019-08-01,ESP,actor1,3.4,1
2019-08-01,ESP,actor2,0.0,3
2019-08-01,FRA,actor1,2.830769230769231,13
2019-08-01,FRA,actor2,1.6000000000000003,3
2019-08-01,IRL,actor1,3.566666666666667,12
2019-08-01,IRL,actor2,7.2,5
2019-08-01,ITA,actor1,3.4,2
2019-08-01,ITA,actor2,6.9,2
2019-08-01,NLD,actor2,5.0,2
2019-09-01,BEL,actor1,7.4,1
2019-09-01,BEL,actor2,6.4,1
2019-09-01,DEU,actor1,5.08,10
2019-09-01,DEU,actor2,4.545454545454546,11
2019-09-01,ESP,actor1,7.4,2
2019-09-01,ESP,actor2,5.15,4
2019-09-01,FRA,actor1,5.457142857142857,7
2019-09-01,FRA,actor2,4.054545454545456,11
2019-09-01,IRL,actor1,5.290909090909091,11
2019-09-01,IRL,actor2,7.400000000000001,3
2019-09-01,ITA,actor1,3.7,4
2019-09-01,ITA,actor2,6.4,1
2019-09-01,NLD,actor1,6.4,1
2019-09-01,NLD,actor2,6.4,1
2019-09-01,PRT,actor2,5.2,1
2019-10-01,BEL,actor1,0.0,3
2019-10-01,BEL,actor2,0.0,3
2019-10-01,DEU,actor1,4.571428571428571,7
2019-10-01,DEU,actor2,5.447058823529412,17
2019-10-01,ESP,actor1,6.4,1
2019-10-01,FIN,actor1,0.0,1
2019-10-01,FRA,actor1,3.766666666666667,12
2019-10-01,FRA,actor2,6.08,15
2019-10-01,IRL,actor1,3.276923076923077,13
2019-10-01,IRL,actor2,4.000000000000001,7
2019-10-01,ITA,actor1,2.95,4
2019-10-01,ITA,actor2,5.933333333333334,3
2019-10-01,NLD,actor1,6.4,2
2019-10-01,NLD,actor2,4.9,4
2019-10-01,PRT,actor2,5.2,1
2019-11-01,BEL,actor1,-8.0,2
2019-11-01,DEU,actor1,2.12,15
2019-11-01,DEU,actor2,5.720000000000001,5
2019-11-01,ESP,actor1,2.64,5
2019-11-01,ESP,actor2,5.7,2
2019-11-01,FRA,actor1,-4.7,4
2019-11-01,FRA,actor2,5.6000000000000005,8
2019-11-01,IRL,actor1,0.0,2
2019-11-01,ITA,actor1,4.3500000000000005,12
2019-11-01,ITA,actor2,5.050000000000001,4
2019-11-01,NLD,actor1,6.4,1
2019-11-01,PRT,actor1,7.4,1
2019-11-01,PRT,actor2,5.0,1
2019-12-01,BEL,actor1,1.85,4
2019-12-01,DEU,actor1,4.584615384615384,13
2019-12-01,DEU,actor2,7.4,1
2019-12-01,ESP,actor1,0.0,1
2019-12-01,ESP,actor2,6.9,2
2019-12-01,FRA,actor1,-0.2999999999999998,6
2019-12-01,FRA,actor2,0.22857142857142865,7
2019-12-01,IRL,actor1,2.466666666666667,3
2019-12-01,IRL,actor2,7.4,2
2019-12-01,ITA,actor1,5.720000000000001,5
2019-12-01,ITA,actor2,6.4,1
2019-12-01,NLD,actor1,5.933333333333334,3
2019-12-01,NLD,actor2,5.2,3
2020-01-01,AUT,actor2,6.400000000000001,3
2020-01-01,BEL,actor1,7.4,2
2020-01-01,BEL,actor2,6.4,1
2020-01-01,DEU,actor1,4.825,16
2020-01-01,DEU,actor2,3.966666666666667,6
2020-01-01,ESP,actor1,7.4,2
2020-01-01,ESP,actor2,6.4,1
2020-01-01,FIN,actor1,7.4,1
2020-01-01,FRA,actor1,5.24,5
2020-01-01,FRA,actor2,6.900000000000001,6
2020-01-01,IRL,actor1,-8.0,4
2020-01-01,IRL,actor2,-3.1999999999999997,3
2020-01-01,ITA,actor1,7.4,1
2020-01-01,LUX,actor1,7.4,2
2020-01-01,NLD,actor1,6.4,1
2020-01-01,NLD,actor2,5.800000000000001,2
2020-02-01,AUT,actor1,2.1333333333333333,3
2020-02-01,AUT,actor2,0.0,1
2020-02-01,BEL,actor1,5.2,1
2020-02-01,BEL,actor2,6.4,1
2020-02-01,DEU,actor1,5.415384615384616,13
2020-02-01,DEU,actor2,1.0666666666666667,6
2020-02-01,ESP,actor1,3.75,8
2020-02-01,ESP,actor2,0.0,1
2020-02-01,FIN,actor1,5.0,1
2020-02-01,FRA,actor1,6.733333333333334,3
2020-02-01,FRA,actor2,6.9,2
2020-02-01,IRL,actor1,5.2,1
2020-02-01,IRL,actor2,0.0,6
2020-02-01,ITA,actor1,4.127272727272727,11
2020-02-01,ITA,actor2,6.733333333333334,3
2020-02-01,NLD,actor1,2.466666666666667,3
2020-02-01,NLD,actor2,6.65,4
2020-02-01,PRT,actor2,5.0,5
2020-03-01,AUT,actor1,7.4,1
2020-03-01,BEL,actor1,0.0,1
2020-03-01,BEL,actor2,5.2,2
2020-03-01,DEU,actor1,2.966666666666667,6
2020-03-01,DEU,actor2,3.1714285714285717,7
2020-03-01,ESP,actor1,4.55,4
2020-03-01,FRA,actor1,3.3000000000000003,4
2020-03-01,FRA,actor2,1.85,4
2020-03-01,IRL,actor1,4.266666666666667,3
2020-03-01,IRL,actor2,5.050000000000001,4
2020-03-01,ITA,actor1,4.953846153846154,13
2020-03-01,NLD,actor1,2.1333333333333333,3
2020-03-01,NLD,actor2,4.6000000000000005,3
2020-04-01,BEL,actor1,2.5,2
2020-04-01,DEU,actor1,6.0,6
2020-04-01,DEU,actor2,5.12,5
2020-04-01,ESP,actor1,6.866666666666667,12
2020-04-01,ESP,actor2,6.733333333333334,6
2020-04-01,FRA,actor1,4.933333333333334,9
2020-04-01,FRA,actor2,1.8199999999999998,10
2020-04-01,IRL,actor1,3.7,2
2020-04-01,IRL,actor2,4.933333333333334,3
2020-04-01,ITA,actor1,6.6000000000000005,8
2020-04-01,ITA,actor2,6.333333333333333,6
2020-04-01,NLD,actor1,1.6666666666666667,3
2020-04-01,NLD,actor2,0.0,1
2020-04-01,PRT,actor1,6.4,2
2020-04-01,PRT,actor2,6.4,2
2020-05-01,BEL,actor1,7.4,2
2020-05-01,DEU,actor1,4.386666666666668,15
2020-05-01,DEU,actor2,3.225,8
2020-05-01,ESP,actor1,4.0,4
2020-05-01,ESP,actor2,4.166666666666667,6
2020-05-01,FIN,actor1,2.466666666666667,3
2020-05-01,FRA,actor1,5.771428571428572,7
2020-05-01,FRA,actor2,5.6000000000000005,8
2020-05-01,IRL,actor1,4.48,20
2020-05-01,IRL,actor2,3.733333333333333,6
2020-05-01,ITA,actor1,3.7333333333333334,9
2020-05-01,ITA,actor2,6.140000000000001,10
2020-05-01,NLD,actor1,6.4,2
2020-05-01,NLD,actor2,6.4,2
2020-06-01,DEU,actor1,5.7700000000000005,20
2020-06-01,DEU,actor2,2.3,8
2020-06-01,ESP,actor1,0.0,2
2020-06-01,ESP,actor2,6.6000000000000005,3
2020-06-01,FRA,actor1,3.1500000000000004,4
2020-06-01,FRA,actor2,-1.8,6
2020-06-01,IRL,actor1,4.125,8
2020-06-01,IRL,actor2,0.0,3
2020-06-01,ITA,actor1,3.3333333333333335,3
2020-06-01,ITA,actor2,5.550000000000001,8
2020-06-01,NLD,actor1,7.4,2
2020-06-01,PRT,actor1,2.34,10
2020-06-01,PRT,actor2,0.0,1
2020-07-01,AUT,actor1,-8.0,2
2020-07-01,BEL,actor1,-8.0,3
2020-07-01,BEL,actor2,5.2,1
2020-07-01,DEU,actor1,4.625,8
2020-07-01,DEU,actor2,5.32,5
2020-07-01,ESP,actor1,5.0,1
2020-07-01,ESP,actor2,4.58,10
2020-07-01,FIN,actor1,5.6000000000000005,3
2020-07-01,FIN,actor2,6.0,3
2020-07-01,FRA,actor1,2.7874999999999996,16
2020-07-01,FRA,actor2,6.28,5
2020-07-01,IRL,actor1,4.927272727272728,11
2020-07-01,IRL,actor2,4.6571428571428575,7
2020-07-01,ITA,actor1,-1.5,2
2020-07-01,NLD,actor1,3.7,4
2020-07-01,NLD,actor2,4.933333333333334,3
2020-08-01,DEU,actor1,3.3600000000000003,5
2020-08-01,DEU,actor2,2.6,4
2020-08-01,FIN,actor1,7.4,1
2020-08-01,FRA,actor1,6.4750000000000005,8
2020-08-01,FRA,actor2,5.720000000000001,5
2020-08-01,IRL,actor1,7.4,2
2020-08-01,IRL,actor2,7.4,1
2020-08-01,ITA,actor1,7.4,2
2020-08-01,ITA,actor2,7.4,1
2020-08-01,NLD,actor1,3.4,1
2020-08-01,PRT,actor1,5.2,3
2020-09-01,DEU,actor1,-1.711111111111111,9
2020-09-01,DEU,actor2,-2.9333333333333336,6
2020-09-01,FIN,actor1,6.4,1
2020-09-01,FRA,actor1,0.0,3
2020-09-01,FRA,actor2,1.2333333333333334,6
2020-09-01,IRL,actor1,3.6250000000000004,8
2020-09-01,IRL,actor2,2.466666666666667,3
2020-09-01,ITA,actor1,7.400000000000001,3
2020-09-01,ITA,actor2,5.666666666666667,6
2020-09-01,LUX,actor1,7.4,4
2020-09-01,NLD,actor1,6.960000000000001,5
2020-09-01,NLD,actor2,7.4,1
2020-10-01,AUT,actor2,7.4,1
2020-10-01,BEL,actor1,6.9,2
2020-10-01,ESP,actor1,2.8000000000000003,4
2020-10-01,ESP,actor2,4.0,6
2020-10-01,FRA,actor1,7.4,2
2020-10-01,IRL,actor1,1.1,4
2020-10-01,IRL,actor2,6.9,2
2020-10-01,NLD,actor1,6.4,1
2020-11-01,AUT,actor2,0.0,2
2020-11-01,DEU,actor1,1.3076923076923077,13
2020-11-01,ESP,actor1,7.4,2
2020-11-01,FRA,actor2,0.0,3
2020-11-01,IRL,actor1,6.300000000000001,2
2020-11-01,ITA,actor2,6.4,5
2020-11-01,PRT,actor1,1.7,2
2020-11-01,PRT,actor2,7.400000000000001,3
2020-12-01,DEU,actor1,7.4,1
2020-12-01,DEU,actor2,3.7,4
2020-12-01,ESP,actor2,5.2,1
2020-12-01,FRA,actor1,2.1999999999999997,9
2020-12-01,FRA,actor2,3.3333333333333335,3
2020-12-01,IRL,actor1,6.4,5
2020-12-01,IRL,actor2,7.4,1
2020-12-01,ITA,actor1,0.0,1
2020-12-01,NLD,actor1,3.7,2
2021-01-01,DEU,actor1,3.8000000000000003,7
2021-01-01,DEU,actor2,1.2333333333333334,6
2021-01-01,ESP,actor1,6.880000000000001,5
2021-01-01,FRA,actor1,6.960000000000001,10
2021-01-01,FRA,actor2,7.4,1
2021-01-01,IRL,actor1,5.8,5
2021-01-01,IRL,actor2,4.457142857142857,7
2021-01-01,ITA,actor2,7.400000000000001,3
2021-01-01,NLD,actor1,6.4,2
2021-01-01,NLD,actor2,7.4,1
2021-02-01,BEL,actor1,7.4,1
2021-02-01,BEL,actor2,7.4,1
2021-02-01,DEU,actor1,2.266666666666667,9
2021-02-01,DEU,actor2,7.066666666666667,3
2021-02-01,ESP,actor1,5.92,5
2021-02-01,ESP,actor2,4.800000000000001,4
2021-02-01,FRA,actor1,7.4,1
2021-02-01,IRL,actor1,3.0,5
2021-02-01,IRL,actor2,3.8000000000000003,3
2021-02-01,ITA,actor2,6.4,2
2021-02-01,NLD,actor1,6.5200000000000005,5
2021-02-01,NLD,actor2,7.4,1
2021-03-01,BEL,actor1,-8.0,2
2021-03-01,DEU,actor1,6.828571428571429,7
2021-03-01,DEU,actor2,5.92,5
2021-03-01,ESP,actor1,4.733333333333333,12
2021-03-01,ESP,actor2,2.966666666666667,6
2021-03-01,FIN,actor1,7.4,1
2021-03-01,FRA,actor1,5.5200000000000005,5
2021-03-01,FRA,actor2,5.8500000000000005,8
2021-03-01,IRL,actor1,3.45,4
2021-03-01,IRL,actor2,6.4,1
2021-03-01,ITA,actor1,6.960000000000001,5
2021-03-01,ITA,actor2,5.5,6
2021-03-01,NLD,actor1,7.4,1
2021-03-01,NLD,actor2,5.6,4
2021-03-01,PRT,actor2,6.400000000000001,3
2021-04-01,DEU,actor1,3.6000000000000005,9
2021-04-01,ESP,actor1,3.2,2
2021-04-01,ESP,actor2,0.0,5
2021-04-01,FRA,actor1,6.971428571428572,7
2021-04-01,IRL,actor1,7.066666666666667,3
2021-04-01,IRL,actor2,3.2,2
2021-04-01,ITA,actor1,2.3333333333333335,3
2021-04-01,ITA,actor2,-0.3333333333333333,3
2021-04-01,NLD,actor1,6.840000000000001,5
2021-04-01,NLD,actor2,6.4,1
2021-04-01,PRT,actor1,7.0,1
2021-05-01,DEU,actor1,7.400000000000001,3
2021-05-01,DEU,actor2,1.1666666666666667,6
2021-05-01,ESP,actor1,7.4,1
2021-05-01,ESP,actor2,7.4,1
2021-05-01,FRA,actor1,1.4545454545454546,11
2021-05-01,FRA,actor2,-1.9333333333333333,3
2021-05-01,IRL,actor1,4.566666666666667,6
2021-05-01,IRL,actor2,4.266666666666667,3
2021-05-01,NLD,actor1,0.0,1
2021-05-01,NLD,actor2,5.550000000000001,4
2021-06-01,BEL,actor1,7.4,1
2021-06-01,BEL,actor2,5.96,5
2021-06-01,DEU,actor1,1.1200000000000003,15
2021-06-01,ESP,actor1,7.4,1
2021-06-01,FRA,actor1,5.2,4
2021-06-01,IRL,actor1,5.366666666666667,6
2021-06-01,IRL,actor2,5.0,3
2021-06-01,ITA,actor1,4.433333333333334,6
2021-06-01,ITA,actor2,4.958333333333333,24
2021-06-01,LUX,actor2,0.0,1
2021-07-01,AUT,actor1,6.4,1
2021-07-01,DEU,actor1,6.6000000000000005,3
2021-07-01,DEU,actor2,6.4,5
2021-07-01,ESP,actor1,3.4,2
2021-07-01,FRA,actor1,-5.333333333333333,3
2021-07-01,FRA,actor2,3.8285714285714287,7
2021-07-01,IRL,actor1,7.4,4
2021-07-01,ITA,actor1,5.7,4
2021-07-01,ITA,actor2,5.5600000000000005,5
2021-07-01,NLD,actor1,5.0,2
2021-08-01,DEU,actor1,6.5,6
2021-08-01,DEU,actor2,5.0,1
2021-08-01,ESP,actor1,5.0,1
2021-08-01,ESP,actor2,5.0,2
2021-08-01,FIN,actor1,5.0,1
2021-08-01,FRA,actor1,6.400000000000001,3
2021-08-01,IRL,actor1,0.0,1
2021-08-01,IRL,actor2,3.2,2
2021-08-01,ITA,actor1,6.65,4
2021-08-01,PRT,actor1,7.4,1
2021-09-01,AUT,actor1,5.2,1
2021-09-01,DEU,actor1,1.1,8
2021-09-01,ESP,actor1,5.0,1
2021-09-01,ESP,actor2,0.0,1
2021-09-01,FRA,actor1,7.000000000000001,8
2021-09-01,FRA,actor2,4.433333333333334,6
2021-09-01,IRL,actor1,5.122222222222224,18
2021-09-01,IRL,actor2,7.4,2
2021-09-01,ITA,actor2,6.400000000000001,3
2021-09-01,NLD,actor1,6.8,5
2021-09-01,NLD,actor2,7.4,2
2021-09-01,PRT,actor1,7.4,1
2021-10-01,DEU,actor1,3.2000000000000006,6
2021-10-01,DEU,actor2,5.0888888888888895,9
2021-10-01,ESP,actor1,7.4,4
2021-10-01,ESP,actor2,6.775,8
2021-10-01,FRA,actor1,4.98,10
2021-10-01,FRA,actor2,3.028571428571429,7
2021-10-01,IRL,actor1,0.0,2
2021-10-01,IRL,actor2,5.0,2
2021-10-01,ITA,actor1,4.6000000000000005,6
2021-10-01,ITA,actor2,3.2,4
2021-10-01,NLD,actor1,6.733333333333334,3
2021-10-01,NLD,actor2,6.4,2
2021-10-01,PRT,actor2,7.4,2
2021-11-01,BEL,actor2,0.0,1
2021-11-01,DEU,actor1,1.85,8
2021-11-01,DEU,actor2,7.0,5
2021-11-01,ESP,actor2,6.4,1
2021-11-01,FRA,actor1,6.057142857142858,7
2021-11-01,IRL,actor1,7.3,10
2021-11-01,IRL,actor2,6.4,1
2021-11-01,ITA,actor1,4.433333333333333,6
2021-11-01,ITA,actor2,5.066666666666666,3
2021-11-01,NLD,actor2,6.400000000000001,3
2021-12-01,BEL,actor1,-0.7999999999999998,4
2021-12-01,DEU,actor1,-6.8999999999999995,6
2021-12-01,ESP,actor2,6.4,2
2021-12-01,FRA,actor1,2.2857142857142856,7
2021-12-01,FRA,actor2,-3.3599999999999994,5
2021-12-01,IRL,actor1,7.125000000000001,8
2021-12-01,IRL,actor2,5.2,1
2021-12-01,ITA,actor1,6.9,2
2021-12-01,LUX,actor1,5.0,1
2021-12-01,NLD,actor1,0.0,1
2022-01-01,BEL,actor1,5.0,1
2022-01-01,DEU,actor1,6.400000000000001,3
2022-01-01,DEU,actor2,5.050000000000001,4
2022-01-01,ESP,actor1,7.15,8
2022-01-01,FIN,actor1,0.0,1
2022-01-01,FRA,actor1,3.8400000000000007,5
2022-01-01,FRA,actor2,4.800000000000001,4
2022-01-01,IRL,actor1,3.7,4
2022-01-01,ITA,actor1,4.44,5
2022-01-01,ITA,actor2,0.0,1
2022-01-01,NLD,actor2,6.4,1
2022-01-01,PRT,actor1,7.4,4
2022-02-01,BEL,actor2,6.300000000000001,2
2022-02-01,DEU,actor1,-0.7578947368421052,19
2022-02-01,DEU,actor2,3.9636363636363643,11
2022-02-01,ESP,actor1,4.6000000000000005,3
2022-02-01,FIN,actor2,6.4,1
2022-02-01,FRA,actor1,3.1714285714285717,14
2022-02-01,FRA,actor2,4.74,10
2022-02-01,IRL,actor1,6.9,2
2022-02-01,IRL,actor2,3.45,4
2022-02-01,ITA,actor1,6.4,2
2022-02-01,ITA,actor2,5.92,5
2022-02-01,NLD,actor1,1.85,4
2022-02-01,NLD,actor2,7.400000000000001,3
2022-02-01,PRT,actor2,7.4,4
2022-03-01,AUT,actor1,0.0,1
2022-03-01,AUT,actor2,7.4,2
2022-03-01,BEL,actor1,-2.8666666666666667,3
2022-03-01,DEU,actor1,-4.35,4
2022-03-01,ESP,actor1,4.325,8
2022-03-01,ESP,actor2,3.7,2
2022-03-01,FIN,actor2,-8.0,2
2022-03-01,FRA,actor2,7.400000000000001,3
2022-03-01,IRL,actor1,6.4,2
2022-03-01,IRL,actor2,6.400000000000001,3
2022-03-01,ITA,actor1,2.6,2
2022-03-01,ITA,actor2,7.4,2
2022-03-01,NLD,actor1,7.4,1
2022-03-01,NLD,actor2,3.6,6
2022-03-01,PRT,actor1,5.2,1
2022-03-01,PRT,actor2,7.4,1
2022-04-01,AUT,actor1,-7.45,4
2022-04-01,AUT,actor2,-8.0,1
2022-04-01,BEL,actor1,7.4,1
2022-04-01,DEU,actor1,-0.41249999999999987,16
2022-04-01,DEU,actor2,7.4,2
2022-04-01,ESP,actor1,7.4,2
2022-04-01,ESP,actor2,3.2,4
2022-04-01,FRA,actor1,1.7600000000000002,10
2022-04-01,FRA,actor2,0.0,2
2022-04-01,IRL,actor1,7.4,2
2022-04-01,IRL,actor2,7.4,4
2022-04-01,ITA,actor1,-6.9,2
2022-04-01,LUX,actor1,6.666666666666667,3
2022-04-01,NLD,actor1,7.4,1
2022-04-01,NLD,actor2,6.4,2
2022-05-01,BEL,actor1,3.5200000000000005,5
2022-05-01,DEU,actor1,3.336842105263158,19
2022-05-01,DEU,actor2,0.7666666666666667,6
2022-05-01,ESP,actor1,2.466666666666667,3
2022-05-01,FIN,actor1,6.4,4
2022-05-01,FIN,actor2,0.0,4
2022-05-01,FRA,actor1,5.0,1
2022-05-01,FRA,actor2,6.4,1
2022-05-01,IRL,actor1,3.366666666666667,6
2022-05-01,ITA,actor1,5.800000000000001,4
2022-05-01,ITA,actor2,6.9,2
2022-05-01,NLD,actor1,6.4,2
2022-05-01,NLD,actor2,6.4,4
2022-05-01,PRT,actor1,7.4,1
2022-06-01,BEL,actor1,3.2,4
2022-06-01,DEU,actor1,2.1176470588235294,17
2022-06-01,DEU,actor2,5.771428571428572,7
2022-06-01,ESP,actor1,7.4,1
2022-06-01,FIN,actor1,6.4,1
2022-06-01,FRA,actor1,6.4,2
2022-06-01,FRA,actor2,2.466666666666667,9
2022-06-01,IRL,actor2,7.400000000000001,3
2022-06-01,ITA,actor1,0.0,2
2022-06-01,ITA,actor2,7.4,1
2022-06-01,NLD,actor1,5.933333333333334,3
2022-06-01,NLD,actor2,6.400000000000001,3
2022-07-01,AUT,actor1,5.2,2
2022-07-01,AUT,actor2,6.4,2
2022-07-01,BEL,actor2,7.4,1
2022-07-01,DEU,actor1,6.454545454545454,11
2022-07-01,DEU,actor2,6.3500000000000005,8
2022-07-01,ESP,actor1,6.400000000000001,3
2022-07-01,ESP,actor2,6.400000000000001,3
2022-07-01,FIN,actor1,5.7,6
2022-07-01,FIN,actor2,6.400000000000001,3
2022-07-01,FRA,actor1,4.3,4
2022-07-01,IRL,actor1,7.233333333333334,6
2022-07-01,IRL,actor2,7.2,5
2022-07-01,ITA,actor1,3.6000000000000005,4
2022-07-01,ITA,actor2,-5.8,1
2022-07-01,NLD,actor1,4.933333333333334,3
2022-08-01,AUT,actor1,7.4,1
2022-08-01,DEU,actor1,4.933333333333334,3
2022-08-01,ESP,actor1,6.9,2
2022-08-01,ESP,actor2,6.300000000000001,2
2022-08-01,FIN,actor1,0.0,1
2022-08-01,FIN,actor2,6.4,2
2022-08-01,FRA,actor1,5.5200000000000005,5
2022-08-01,FRA,actor2,7.400000000000001,3
2022-08-01,IRL,actor1,6.400000000000001,3
2022-08-01,IRL,actor2,0.0,1
2022-08-01,ITA,actor1,7.4,1
2022-08-01,NLD,actor1,5.2,3
2022-08-01,NLD,actor2,5.800000000000001,4
2022-09-01,AUT,actor1,6.400000000000001,3
2022-09-01,AUT,actor2,6.4,2
2022-09-01,BEL,actor1,0.0,1
2022-09-01,BEL,actor2,3.7,4
2022-09-01,DEU,actor1,0.3333333333333333,6
2022-09-01,DEU,actor2,4.311111111111112,9
2022-09-01,ESP,actor2,6.4,1
2022-09-01,FIN,actor1,0.0,1
2022-09-01,FRA,actor1,0.0,1
2022-09-01,IRL,actor1,0.0,1
2022-09-01,IRL,actor2,0.0,1
2022-09-01,ITA,actor1,4.933333333333334,3
2022-09-01,ITA,actor2,6.4,1
2022-09-01,LUX,actor1,6.4,1
2022-09-01,LUX,actor2,6.4,1
2022-09-01,NLD,actor1,4.44,5
2022-09-01,PRT,actor1,5.0,3
2022-09-01,PRT,actor2,5.0,2
2022-10-01,BEL,actor1,5.0,3
2022-10-01,DEU,actor1,3.8000000000000003,7
2022-10-01,DEU,actor2,-0.8222222222222224,9
2022-10-01,ESP,actor1,7.400000000000001,3
2022-10-01,FRA,actor1,5.3428571428571425,7
2022-10-01,FRA,actor2,7.4,1
2022-10-01,IRL,actor1,6.4,2
2022-10-01,IRL,actor2,5.2,1
2022-10-01,ITA,actor1,4.040000000000001,5
2022-10-01,ITA,actor2,6.4,4
2022-10-01,NLD,actor1,-8.0,2
2022-10-01,NLD,actor2,5.6499999999999995,4
2022-10-01,PRT,actor1,0.0,1
2022-11-01,AUT,actor1,7.4,1
2022-11-01,DEU,actor1,3.6,6
2022-11-01,DEU,actor2,0.0,1
2022-11-01,FIN,actor1,7.4,2
2022-11-01,FRA,actor2,6.92,5
2022-11-01,IRL,actor1,7.4,5
2022-11-01,IRL,actor2,2.466666666666667,3
2022-11-01,ITA,actor2,6.400000000000001,3
2022-11-01,NLD,actor1,5.0,5
2022-12-01,AUT,actor1,6.4,2
2022-12-01,AUT,actor2,6.400000000000001,3
2022-12-01,BEL,actor1,5.933333333333334,3
2022-12-01,BEL,actor2,6.4,2
2022-12-01,DEU,actor1,6.355555555555556,9
2022-12-01,DEU,actor2,6.400000000000001,3
2022-12-01,ESP,actor2,5.2,1
2022-12-01,FIN,actor1,6.4,1
2022-12-01,FIN,actor2,-8.0,1
2022-12-01,FRA,actor1,7.257142857142858,7
2022-12-01,FRA,actor2,6.4,1
2022-12-01,IRL,actor1,6.4,2
2022-12-01,IRL,actor2,3.2,4
2022-12-01,ITA,actor1,7.4,4
2022-12-01,ITA,actor2,0.0,1
2022-12-01,NLD,actor1,6.4,1
2023-01-01,AUT,actor1,7.400000000000001,3
2023-01-01,AUT,actor2,7.4,2
2023-01-01,DEU,actor1,3.3000000000000003,8
2023-01-01,DEU,actor2,2.7428571428571433,7
2023-01-01,ESP,actor1,-5.333333333333333,3
2023-01-01,FIN,actor1,0.0,1
2023-01-01,FRA,actor1,0.8500000000000001,8
2023-01-01,FRA,actor2,4.933333333333334,6
2023-01-01,IRL,actor1,6.4,1
2023-01-01,IRL,actor2,6.4,1
2023-01-01,ITA,actor1,1.85,4
2023-01-01,ITA,actor2,6.4,1
2023-01-01,NLD,actor2,5.550000000000001,4
2023-01-01,PRT,actor2,5.2,1
2023-02-01,AUT,actor1,6.4,1
2023-02-01,DEU,actor1,6.425000000000001,8
2023-02-01,DEU,actor2,6.166666666666667,6
2023-02-01,ESP,actor2,6.4,2
2023-02-01,FIN,actor2,7.4,2
2023-02-01,FRA,actor1,3.7,2
2023-02-01,FRA,actor2,7.4,1
2023-02-01,IRL,actor1,0.0,1
2023-02-01,IRL,actor2,7.4,1
2023-02-01,ITA,actor1,6.666666666666667,3
2023-02-01,ITA,actor2,6.4,1
2023-02-01,NLD,actor1,7.4,2
2023-02-01,NLD,actor2,6.733333333333334,3
2023-02-01,PRT,actor2,6.4,2
2023-03-01,BEL,actor1,-0.2999999999999998,4
2023-03-01,BEL,actor2,7.4,2
2023-03-01,DEU,actor1,4.6571428571428575,7
2023-03-01,DEU,actor2,0.0,1
2023-03-01,ESP,actor1,2.466666666666667,3
2023-03-01,ESP,actor2,0.0,2
2023-03-01,FIN,actor2,6.4,1
2023-03-01,FRA,actor1,5.0,1
2023-03-01,FRA,actor2,4.2,2
2023-03-01,IRL,actor1,0.0,1
2023-03-01,IRL,actor2,0.0,1
2023-03-01,ITA,actor1,7.4,2
2023-03-01,NLD,actor2,6.4,1
2023-03-01,PRT,actor1,5.2,1
2023-04-01,DEU,actor1,5.285714285714286,7
2023-04-01,DEU,actor2,5.314285714285715,7
2023-04-01,ESP,actor1,5.12,5
2023-04-01,ESP,actor2,0.0,4
2023-04-01,FRA,actor1,1.2000000000000002,4
2023-04-01,FRA,actor2,3.866666666666667,9
2023-04-01,IRL,actor1,2.466666666666667,3
2023-04-01,IRL,actor2,6.200000000000001,7
2023-04-01,ITA,actor1,5.92,5
2023-04-01,ITA,actor2,6.4,7
2023-04-01,NLD,actor1,2.5,2
2023-04-01,PRT,actor1,0.0,1
2023-04-01,PRT,actor2,0.0,2
2023-05-01,BEL,actor1,-8.0,3
2023-05-01,DEU,actor1,5.300000000000001,4
2023-05-01,DEU,actor2,5.781818181818182,11
2023-05-01,ESP,actor1,7.4,1
2023-05-01,FRA,actor1,3.84,10
2023-05-01,FRA,actor2,6.542857142857144,14
2023-05-01,IRL,actor1,7.066666666666667,3
2023-05-01,IRL,actor2,3.2,2
2023-05-01,ITA,actor1,5.550000000000001,4
2023-05-01,ITA,actor2,7.4,1
2023-05-01,NLD,actor1,6.366666666666667,6
2023-05-01,NLD,actor2,5.2,1
2023-05-01,PRT,actor2,7.400000000000001,3
2023-06-01,BEL,actor1,3.4,1
2023-06-01,BEL,actor2,6.4,4
2023-06-01,DEU,actor1,7.4,2
2023-06-01,DEU,actor2,6.844444444444445,9
2023-06-01,ESP,actor2,7.4,2
2023-06-01,FRA,actor1,-4.15,4
2023-06-01,FRA,actor2,0.6000000000000002,7
2023-06-01,IRL,actor1,5.0,1
2023-06-01,ITA,actor2,6.400000000000001,3
2023-06-01,LUX,actor1,-8.0,2
2023-06-01,NLD,actor1,7.2,5
2023-06-01,NLD,actor2,7.4,2
2023-06-01,PRT,actor2,3.2,2
2023-07-01,AUT,actor1,0.0,1
2023-07-01,DEU,actor1,5.272727272727273,11
2023-07-01,DEU,actor2,5.550000000000001,4
2023-07-01,ESP,actor1,3.7,2
2023-07-01,FRA,actor1,7.4,2
2023-07-01,FRA,actor2,0.36000000000000015,5
2023-07-01,IRL,actor1,4.44,5
2023-07-01,IRL,actor2,0.0,1
2023-07-01,ITA,actor1,6.36,5
2023-07-01,ITA,actor2,6.400000000000001,3
2023-07-01,NLD,actor1,7.400000000000001,3
2023-07-01,PRT,actor1,2.5,2
2023-07-01,PRT,actor2,5.2,1
2023-08-01,BEL,actor1,3.4,1
2023-08-01,DEU,actor1,5.680000000000001,5
2023-08-01,DEU,actor2,5.32,5
2023-08-01,ESP,actor1,5.24,5
2023-08-01,ESP,actor2,6.4,1
2023-08-01,FRA,actor1,4.044444444444445,18
2023-08-01,FRA,actor2,6.4,2
2023-08-01,IRL,actor1,7.4,1
2023-08-01,IRL,actor2,6.4,1
2023-08-01,ITA,actor1,6.4,2
2023-08-01,ITA,actor2,6.4,2
2023-08-01,LUX,actor1,6.4,1
2023-08-01,LUX,actor2,6.4,1
2023-08-01,NLD,actor1,2.775,8
2023-08-01,PRT,actor1,0.0,1
2023-08-01,PRT,actor2,0.0,2
2023-09-01,BEL,actor1,0.0,1
2023-09-01,DEU,actor1,4.133333333333334,12
2023-09-01,DEU,actor2,6.300000000000001,6
2023-09-01,ESP,actor1,6.585714285714286,14
2023-09-01,FRA,actor1,1.7600000000000002,10
2023-09-01,FRA,actor2,3.7000000000000006,6
2023-09-01,IRL,actor1,5.92,5
2023-09-01,IRL,actor2,0.0,2
2023-09-01,ITA,actor1,6.428571428571429,7
2023-09-01,ITA,actor2,5.2,1
2023-09-01,NLD,actor1,7.257142857142858,7
2023-09-01,PRT,actor1,7.4,2
2023-10-01,DEU,actor1,6.775,8
2023-10-01,DEU,actor2,6.4,2
2023-10-01,ESP,actor1,7.2,5
2023-10-01,FRA,actor1,2.84,5
2023-10-01,FRA,actor2,7.4,4
2023-10-01,IRL,actor1,7.400000000000001,3
2023-10-01,IRL,actor2,0.0,3
2023-10-01,ITA,actor1,3.7,8
2023-10-01,ITA,actor2,7.400000000000001,3
2023-10-01,NLD,actor1,4.266666666666667,3
2023-10-01,NLD,actor2,6.166666666666667,6
2023-11-01,AUT,actor2,6.4,1
2023-11-01,BEL,actor2,0.0,1
2023-11-01,DEU,actor1,7.15,4
2023-11-01,DEU,actor2,7.4,1
2023-11-01,ESP,actor1,1.6000000000000003,3
2023-11-01,ESP,actor2,6.4,1
2023-11-01,FRA,actor1,4.066666666666667,6
2023-11-01,FRA,actor2,4.745454545454546,11
2023-11-01,IRL,actor1,1.5333333333333334,3
2023-11-01,IRL,actor2,3.2,4
2023-11-01,ITA,actor1,7.0,1
2023-11-01,ITA,actor2,7.0,1
2023-11-01,LUX,actor2,5.2,4
2023-11-01,NLD,actor1,0.0,1
2023-11-01,NLD,actor2,0.0,1
2023-11-01,PRT,actor2,0.0,1
2023-12-01,AUT,actor1,5.2,3
2023-12-01,AUT,actor2,6.4,5
2023-12-01,BEL,actor1,6.4,2
2023-12-01,BEL,actor2,6.4,1
2023-12-01,DEU,actor1,3.771428571428572,7
2023-12-01,DEU,actor2,7.066666666666667,3
2023-12-01,ESP,actor1,6.300000000000001,4
2023-12-01,ESP,actor2,0.0,1
2023-12-01,FIN,actor1,6.4,2
2023-12-01,FRA,actor1,0.0,1
2023-12-01,FRA,actor2,0.0,1
2023-12-01,IRL,actor1,5.2,1
2023-12-01,IRL,actor2,0.0,2
2023-12-01,ITA,actor1,0.0,1
2023-12-01,ITA,actor2,6.400000000000001,3
2023-12-01,NLD,actor1,6.9,2
2024-01-01,AUT,actor1,7.4,1
2024-01-01,BEL,actor1,7.4,2
2024-01-01,DEU,actor1,1.7333333333333334,3
2024-01-01,FRA,actor1,4.971428571428572,7
2024-01-01,FRA,actor2,4.800000000000001,4
2024-01-01,IRL,actor1,3.1500000000000004,4
2024-01-01,IRL,actor2,7.4,2
2024-01-01,ITA,actor2,5.466666666666668,6
2024-01-01,LUX,actor1,6.4,1
2024-01-01,NLD,actor1,0.0,1
2024-01-01,NLD,actor2,7.4,1
2024-02-01,AUT,actor1,6.4,1
2024-02-01,AUT,actor2,6.4,1
2024-02-01,DEU,actor1,3.0500000000000003,4
2024-02-01,DEU,actor2,7.4,1
2024-02-01,ESP,actor1,7.4,2
2024-02-01,ESP,actor2,5.7,4
2024-02-01,FIN,actor1,0.0,1
2024-02-01,FRA,actor1,3.4909090909090916,11
2024-02-01,FRA,actor2,6.4,1
2024-02-01,IRL,actor1,5.933333333333334,3
2024-02-01,IRL,actor2,6.4,4
2024-02-01,ITA,actor1,7.400000000000001,3
2024-02-01,NLD,actor1,6.12,5
2024-02-01,NLD,actor2,5.2,2
2024-03-01,AUT,actor1,6.4,14
2024-03-01,BEL,actor1,6.9,2
2024-03-01,BEL,actor2,6.4,1
2024-03-01,DEU,actor1,1.0666666666666667,6
2024-03-01,DEU,actor2,0.0,3
2024-03-01,ESP,actor1,5.0,2
2024-03-01,ESP,actor2,6.400000000000001,3
2024-03-01,FRA,actor1,2.22,10
2024-03-01,FRA,actor2,6.400000000000001,3
2024-03-01,IRL,actor1,3.6,3
2024-03-01,IRL,actor2,3.4,1
2024-03-01,ITA,actor1,0.0,1
2024-03-01,ITA,actor2,6.4,2
2024-03-01,NLD,actor1,7.4,1
2024-03-01,NLD,actor2,3.7,2
2024-03-01,PRT,actor1,5.2,1
2024-04-01,DEU,actor1,2.026666666666667,15
2024-04-01,DEU,actor2,-0.11999999999999993,5
2024-04-01,ESP,actor1,5.4399999999999995,5
2024-04-01,ESP,actor2,3.4,1
2024-04-01,FRA,actor1,1.5166666666666668,12
2024-04-01,FRA,actor2,4.800000000000001,4
2024-04-01,IRL,actor1,3.96,5
2024-04-01,IRL,actor2,1.6,4
2024-04-01,ITA,actor2,0.0,1
2024-04-01,NLD,actor1,6.400000000000001,3
2024-04-01,PRT,actor1,3.4,1
2024-05-01,BEL,actor1,0.0,1
2024-05-01,DEU,actor1,4.911111111111111,9
2024-05-01,DEU,actor2,3.466666666666667,3
2024-05-01,ESP,actor1,5.0,3
2024-05-01,ESP,actor2,0.0,1
2024-05-01,FRA,actor1,1.6615384615384616,13
2024-05-01,FRA,actor2,-0.2999999999999998,2
2024-05-01,IRL,actor1,4.566666666666667,6
2024-05-01,IRL,actor2,-1.9333333333333333,3
2024-05-01,ITA,actor1,3.2,2
2024-05-01,ITA,actor2,6.400000000000001,3
2024-05-01,NLD,actor1,0.0,2
2024-05-01,NLD,actor2,6.4,2
2024-05-01,PRT,actor1,0.0,2
2024-05-01,PRT,actor2,0.0,2
2024-06-01,AUT,actor1,5.6000000000000005,3
2024-06-01,AUT,actor2,6.666666666666667,3
2024-06-01,BEL,actor1,0.125,8
2024-06-01,BEL,actor2,6.4,1
2024-06-01,DEU,actor1,6.5,6
2024-06-01,DEU,actor2,4.2,4
2024-06-01,ESP,actor2,7.4,1
2024-06-01,FRA,actor1,0.925,8
2024-06-01,FRA,actor2,4.933333333333334,3
2024-06-01,IRL,actor1,4.24,5
2024-06-01,IRL,actor2,6.4,2
2024-06-01,ITA,actor1,7.257142857142858,7
2024-06-01,ITA,actor2,5.933333333333334,3
2024-07-01,AUT,actor2,7.4,1
2024-07-01,BEL,actor2,6.4,1
2024-07-01,DEU,actor1,-2.15,4
2024-07-01,ESP,actor1,7.400000000000001,3
2024-07-01,FIN,actor2,0.0,3
2024-07-01,FRA,actor1,3.3333333333333335,3
2024-07-01,FRA,actor2,7.4,1
2024-07-01,ITA,actor1,5.0,1
2024-07-01,ITA,actor2,5.0,1
2024-07-01,PRT,actor1,0.0,1
2024-08-01,DEU,actor1,0.0,2
2024-08-01,DEU,actor2,7.4,2
2024-08-01,ESP,actor1,7.400000000000001,3
2024-08-01,FRA,actor1,7.4,1
2024-08-01,IRL,actor1,5.040000000000001,5
2024-08-01,IRL,actor2,3.272727272727273,11
2024-08-01,ITA,actor1,5.933333333333334,12
2024-08-01,ITA,actor2,6.4,1
2024-08-01,NLD,actor1,6.4,2
2024-08-01,NLD,actor2,7.4,2
2024-09-01,DEU,actor1,3.72,10
2024-09-01,DEU,actor2,7.066666666666667,6
2024-09-01,ESP,actor2,0.0,2
2024-09-01,FRA,actor1,1.6250000000000002,8
2024-09-01,FRA,actor2,7.4,2
2024-09-01,IRL,actor1,4.933333333333334,3
2024-09-01,ITA,actor1,4.45,4
2024-09-01,NLD,actor2,3.7,2
2024-10-01,DEU,actor1,7.4,1
2024-10-01,DEU,actor2,7.400000000000001,3
2024-10-01,ESP,actor1,-8.0,1
2024-10-01,ESP,actor2,0.0,2
2024-10-01,FRA,actor1,3.3000000000000003,12
2024-10-01,FRA,actor2,0.0,1
2024-10-01,IRL,actor1,6.888888888888889,9
2024-10-01,IRL,actor2,2.1,10
2024-10-01,ITA,actor1,2.1333333333333337,9
2024-10-01,ITA,actor2,0.0,1
2024-10-01,NLD,actor1,4.933333333333334,3
2024-11-01,AUT,actor1,6.4,1
2024-11-01,BEL,actor1,7.4,2
2024-11-01,BEL,actor2,6.300000000000001,4
2024-11-01,DEU,actor1,6.9,2
2024-11-01,DEU,actor2,6.8,5
2024-11-01,ESP,actor1,6.4,4
2024-11-01,ESP,actor2,6.685714285714286,7
2024-11-01,FRA,actor1,-5.075,8
2024-11-01,FRA,actor2,7.4,2
2024-11-01,IRL,actor1,5.12,5
2024-11-01,IRL,actor2,3.7,2
2024-11-01,ITA,actor1,6.36,5
2024-11-01,ITA,actor2,6.2,4
2024-11-01,NLD,actor1,5.050000000000001,4
2024-11-01,NLD,actor2,0.0,5
2024-12-01,DEU,actor1,1.8428571428571432,14
2024-12-01,DEU,actor2,4.266666666666667,3
2024-12-01,ESP,actor1,7.4,1
2024-12-01,FRA,actor1,-0.5714285714285713,7
2024-12-01,FRA,actor2,7.4,1
2024-12-01,IRL,actor1,0.0,2
2024-12-01,IRL,actor2,0.0,1
2024-12-01,ITA,actor1,7.400000000000001,3
2024-12-01,ITA,actor2,7.066666666666667,3
2024-12-01,LUX,actor2,5.2,1
2024-12-01,NLD,actor1,4.933333333333334,3
2024-12-01,NLD,actor2,6.400000000000001,3
2025-01-01,DEU,actor1,5.42,10
2025-01-01,ESP,actor1,7.4,1
2025-01-01,ESP,actor2,5.933333333333334,3
2025-01-01,FRA,actor1,6.050000000000001,4
2025-01-01,FRA,actor2,3.8400000000000007,5
2025-01-01,IRL,actor1,3.7,2
2025-01-01,IRL,actor2,0.0,2
2025-01-01,ITA,actor1,7.057142857142858,7
2025-02-01,BEL,actor1,7.4,1
2025-02-01,DEU,actor1,7.400000000000001,6
2025-02-01,DEU,actor2,7.223529411764707,17
2025-02-01,ESP,actor1,6.133333333333334,9
2025-02-01,ESP,actor2,5.32,5
2025-02-01,FRA,actor1,6.4,2
2025-02-01,FRA,actor2,7.4,1
2025-02-01,IRL,actor1,7.4,2
2025-02-01,IRL,actor2,7.4,1
2025-02-01,ITA,actor1,7.4,1
2025-02-01,ITA,actor2,0.0,1
2025-02-01,NLD,actor1,0.0,1
2025-02-01,NLD,actor2,-8.0,2
2025-02-01,PRT,actor2,0.0,1
2025-03-01,DEU,actor1,5.040000000000001,5
2025-03-01,DEU,actor2,5.425000000000001,8
2025-03-01,ESP,actor1,6.4,1
2025-03-01,ESP,actor2,6.4,1
2025-03-01,FIN,actor1,7.066666666666667,6
2025-03-01,FIN,actor2,7.400000000000001,3
2025-03-01,FRA,actor1,5.0307692307692315,13
2025-03-01,FRA,actor2,6.430769230769231,13
2025-03-01,IRL,actor1,4.533333333333334,6
2025-03-01,IRL,actor2,0.0,1
2025-03-01,ITA,actor1,5.0,2
2025-03-01,ITA,actor2,5.0,1
2025-03-01,NLD,actor2,7.400000000000001,3
2025-04-01,BEL,actor2,3.75,4
2025-04-01,DEU,actor1,4.586666666666667,15
2025-04-01,DEU,actor2,7.4,5
2025-04-01,ESP,actor1,6.4,2
2025-04-01,ESP,actor2,3.7,2
2025-04-01,FRA,actor1,3.755555555555556,9
2025-04-01,FRA,actor2,3.4571428571428577,7
2025-04-01,IRL,actor1,6.4,4
2025-04-01,IRL,actor2,5.800000000000001,2
2025-04-01,ITA,actor1,6.7,6
2025-04-01,ITA,actor2,6.057142857142857,7
2025-04-01,NLD,actor1,5.0,6
2025-05-01,AUT,actor1,6.400000000000001,3
2025-05-01,DEU,actor1,2.1333333333333333,3
2025-05-01,DEU,actor2,3.45,4
2025-05-01,ESP,actor1,7.4,2
2025-05-01,ESP,actor2,0.0,1
2025-05-01,FIN,actor1,0.0,2
2025-05-01,FRA,actor1,5.550000000000001,4
2025-05-01,FRA,actor2,0.0,2
2025-05-01,IRL,actor1,4.6000000000000005,3
2025-05-01,IRL,actor2,4.933333333333334,6
2025-05-01,ITA,actor1,5.2,1
2025-05-01,ITA,actor2,5.2,12
2025-05-01,NLD,actor1,0.0,2
2025-05-01,NLD,actor2,1.48,5
2025-05-01,PRT,actor1,0.0,1
2025-06-01,DEU,actor1,7.400000000000001,3
2025-06-01,ESP,actor1,7.4,1
2025-06-01,ESP,actor2,7.4,1
2025-06-01,FRA,actor1,5.040000000000001,5
2025-06-01,FRA,actor2,3.8400000000000007,5
2025-06-01,IRL,actor1,7.4,1
2025-06-01,ITA,actor2,0.0,1
2025-06-01,NLD,actor1,6.4,2
2025-06-01,PRT,actor2,6.4,1
2025-07-01,AUT,actor1,0.0,1
2025-07-01,DEU,actor1,5.840000000000001,5
2025-07-01,DEU,actor2,3.2,2
2025-07-01,ESP,actor1,6.2,6
2025-07-01,ESP,actor2,0.0,1
2025-07-01,FRA,actor1,7.4,5
2025-07-01,FRA,actor2,4.875,8
2025-07-01,IRL,actor1,4.628571428571429,7
2025-07-01,IRL,actor2,7.161290322580645,31
2025-07-01,ITA,actor2,4.48,15
2025-07-01,PRT,actor2,6.4,1
2025-08-01,BEL,actor2,0.0,1
2025-08-01,DEU,actor1,1.4166666666666667,12
2025-08-01,DEU,actor2,7.4,5
2025-08-01,ESP,actor1,5.933333333333334,3
2025-08-01,ESP,actor2,5.75,4
2025-08-01,FIN,actor1,1.85,4
2025-08-01,FRA,actor1,4.040000000000001,15
2025-08-01,FRA,actor2,-4.0,2
2025-08-01,IRL,actor1,6.2,2
2025-08-01,ITA,actor1,5.6000000000000005,3
2025-08-01,ITA,actor2,5.800000000000001,2
2025-08-01,NLD,actor1,-8.0,2
2025-09-01,AUT,actor2,7.4,1
2025-09-01,DEU,actor1,4.844444444444445,9
2025-09-01,DEU,actor2,0.0,1
2025-09-01,ESP,actor1,7.4,2
2025-09-01,ESP,actor2,7.4,1
2025-09-01,FIN,actor2,0.0,2
2025-09-01,FRA,actor1,-1.9333333333333333,3
2025-09-01,FRA,actor2,4.933333333333334,3
2025-09-01,IRL,actor1,7.4,1
2025-09-01,IRL,actor2,-5.0,1
2025-09-01,ITA,actor2,0.0,2
2025-09-01,NLD,actor1,7.4,1
2025-09-01,NLD,actor2,0.0,2
2025-10-01,BEL,actor1,6.4,1
2025-10-01,DEU,actor1,4.5,6
2025-10-01,DEU,actor2,4.800000000000001,4
2025-10-01,ESP,actor1,7.4,2
2025-10-01,FRA,actor1,3.7,4
2025-10-01,IRL,actor1,7.400000000000001,3
2025-10-01,IRL,actor2,7.4,1
2025-10-01,ITA,actor2,7.4,2
2025-11-01,BEL,actor1,0.0,1
2025-11-01,BEL,actor2,7.4,1
2025-11-01,DEU,actor2,5.2,2
2025-11-01,ESP,actor1,7.4,1
2025-11-01,ESP,actor2,7.4,2
2025-11-01,FRA,actor1,4.2,3
2025-11-01,IRL,actor1,3.7,2
2025-11-01,IRL,actor2,0.0,1
2025-11-01,ITA,actor1,0.0,1
2025-11-01,ITA,actor2,6.4,1
2025-11-01,NLD,actor1,7.4,4
2025-12-01,BEL,actor1,-8.0,2
2025-12-01,DEU,actor1,7.4,4
2025-12-01,DEU,actor2,7.0,5
2025-12-01,ESP,actor1,5.300000000000001,4
2025-12-01,ESP,actor2,6.4,1
2025-12-01,FIN,actor1,6.4,2
2025-12-01,FIN,actor2,6.4,2
2025-12-01,FRA,actor1,2.5200000000000005,5
2025-12-01,IRL,actor1,6.5200000000000005,5
2025-12-01,IRL,actor2,7.400000000000001,3
2025-12-01,ITA,actor1,7.4,5
2025-12-01,ITA,actor2,4.7,4
2025-12-01,NLD,actor1,5.1,2
2025-12-01,NLD,actor2,-5.0,1
2025-12-01,PRT,actor1,6.4,1
